sigma,antitoxin
1.0,24.443973123853613
1.0,24.555616642890303
1.0,25.027155338009194
1.0,24.70051590964109
1.0,26.777861098057326
1.0,23.85509846827118
1.0,24.531394117832324
1.0,25.156143462640742
1.0,22.358008991923203
1.0,26.003309901459485
1.0,26.082381205608428
1.0,25.18702790710363
1.0,25.518148787877138
1.0,26.491379117040307
1.0,25.36756274617482
1.0,24.113794703951864
1.0,25.68456470416486
1.0,23.409420025077445
1.0,25.410653382404334
1.0,24.143650169447696
1.0,23.949012289638716
1.0,25.502079457623537
1.0,24.783751992670187
1.0,24.293575727798565
1.0,20.662531770526346
1.0,25.569828648910182
1.0,23.577941090426467
1.0,24.62759912422007
1.0,25.369010284551834
1.0,24.992387019920688
1.0,25.56266881232126
1.0,25.10686911035365
1.0,25.56945849492955
1.0,25.68108492744353
1.0,23.660874878622685
1.0,24.761716281801114
1.0,26.019358788737716
1.0,25.701771328413674
1.0,24.854789498592705
1.0,25.642896470624308
1.0,26.819348497388845
1.0,24.632740108165645
1.0,25.756568971591253
1.0,25.087016813445413
1.0,24.148806372084973
1.0,25.92423786498178
1.0,26.61209088021436
1.0,25.49199249434769
1.0,24.77391854868387
1.0,23.648359567591672
1.0,25.30236550236536
1.0,26.2252567101879
1.0,24.542022310115318
1.0,24.631264969655287
1.0,24.41209052566541
1.0,25.890128544351214
1.0,25.23942258932053
1.0,24.804873232695908
1.0,25.654126591096894
1.0,24.181942059032778
1.0,23.349432932094814
1.0,24.58700842666066
1.0,25.027291621540712
1.0,25.29759513748684
1.0,25.071367372118875
1.0,24.10548152920447
1.0,23.005246168869718
1.0,24.81271517997802
1.0,24.414556824781638
1.0,23.490597419800853
1.0,24.891580201540062
1.0,24.628500275943274
1.0,26.209427254258145
1.0,24.795989987765164
1.0,25.012484378414158
1.0,25.140580325362553
1.0,24.00760777091987
1.0,23.851541012883132
1.0,26.37157594753754
1.0,24.94093215740981
1.0,24.64692133442319
1.0,23.551118994201573
1.0,27.387915302695227
1.0,25.125807886498055
1.0,25.31700578675699
1.0,25.276292519892205
1.0,23.374380543335242
1.0,24.062684645884154
1.0,24.06950711978119
1.0,23.009446027668538
1.0,25.13753980192837
1.0,28.14957592412752
1.0,24.278587801512572
1.0,24.42290730301315
1.0,25.459383775304754
1.0,25.247207706055054
1.0,24.974337506195937
1.0,24.367919031973127
1.0,23.979580645130948
1.0,23.688492199795714
1.0,25.687066447881175
1.0,24.90539928826634
1.0,24.71525227623833
1.0,24.66123728328557
1.0,24.904632513059077
1.0,25.768971573679824
1.0,26.442443602597532
1.0,24.724967862251326
1.0,24.620362507690967
1.0,24.277303679679925
1.0,25.13966112558116
1.0,23.590660754620448
1.0,26.055456635707717
1.0,22.76217776868611
1.0,24.309884995738642
1.0,23.61786890687636
1.0,25.593850421665174
1.0,25.660996060380292
1.0,27.758916466364457
1.0,25.467635560699563
1.0,24.919394517373856
1.0,25.07957129954059
1.0,24.63748783272227
1.0,24.311669194721716
1.0,24.304233063664242
1.0,24.570105841180276
1.0,24.382980686808548
1.0,24.21246187664045
1.0,25.979368164048754
1.0,24.833109988942752
1.0,24.55896463028123
1.0,24.989341476133724
1.0,25.407540619401015
1.0,24.617513903025554
1.0,24.569364265958686
1.0,24.94707510180859
1.0,25.763106593322238
1.0,23.29217755383359
1.0,24.334948038540297
1.0,26.595020849718864
1.0,25.54246778774485
1.0,25.270290801056124
1.0,26.16374027358309
1.0,24.024760800384513
1.0,25.591290372307128
1.0,24.418837549915818
1.0,23.958733724919846
1.0,24.807547072589564
1.0,24.565189798466033
1.0,25.084227406570175
1.0,26.043812532828262
1.0,24.507282581770134
1.0,26.245857021638876
1.0,26.120531150959348
1.0,24.87669136130563
1.0,23.933523102691364
1.0,25.30470144397407
1.0,23.19897366402713
1.0,24.867313341105802
1.0,25.630295337858247
1.0,22.65823820687468
1.0,24.84026755589253
1.0,25.679531772000136
1.0,24.25523546624162
1.0,26.23069707236256
1.0,26.09059763955493
1.0,26.895864052277794
1.0,24.732133233372032
1.0,27.039427162961363
1.0,25.055740331653062
1.0,24.28064591203423
1.0,24.837108918076787
1.0,24.711720985730473
1.0,22.946550853394623
1.0,22.76668089301873
1.0,23.846591241416284
1.0,23.440815624031586
1.0,23.647656514158538
1.0,24.64480852733972
1.0,23.346965768014286
1.0,23.98220308861265
1.0,26.354607039153066
1.0,24.269685645991952
1.0,26.459401511581905
1.0,26.175553110757875
1.0,26.46959163266412
1.0,27.155036256421912
1.0,24.8021839275883
1.0,23.761555933551165
1.0,25.476243162784243
1.0,25.566403504275435
1.0,27.191213907869695
1.0,24.833029232305762
1.0,23.159825279418822
1.0,24.406412141677567
1.0,24.555281466699423
1.0,26.881133352916194
1.0,24.14299674348498
1.0,25.530897151266046
1.0,25.947526293747593
1.0,25.50655439262416
1.0,23.573123680332493
1.0,25.27277024759539
1.0,26.683291476778585
1.0,25.879449099441914
1.0,24.62770864369181
1.0,23.66238184010529
1.0,24.336289274996847
1.0,24.6357997269732
1.0,25.128180863566293
1.0,24.14446024820578
1.0,25.746349621430458
1.0,24.786502543847668
1.0,25.606996323629236
1.0,24.84956368241995
1.0,25.286543873485687
1.0,25.96895302901787
1.0,25.46459443933893
1.0,24.89924155779637
1.0,25.97191351916867
1.0,26.35927232247058
1.0,25.91983887078058
1.0,24.996052249489907
1.0,25.66514945143561
1.0,24.535705413712048
1.0,24.903676159792987
1.0,23.53596830252861
1.0,25.034117356061515
1.0,25.192612577289545
1.0,26.272352957140637
1.0,24.320274584530157
1.0,25.712144602058743
1.0,26.647422737796994
1.0,23.638703983912656
1.0,26.639942921300843
1.0,23.706561419443375
1.0,24.39066516873078
1.0,24.507096435902422
1.0,25.076527916356117
1.0,25.159226278200276
1.0,25.444639306391057
1.0,23.787587856752435
1.0,23.648222414384666
1.0,23.96811226590135
1.0,26.07422851522753
1.0,26.067352429894136
1.0,24.82992999087554
1.0,25.193780135152632
1.0,22.518369995277233
1.0,24.540742994230296
1.0,23.81020783758976
1.0,25.26056620827295
1.0,24.36905314861791
1.0,26.5399524139961
1.0,24.89647279868411
1.0,26.04984142188155
1.0,24.914392937818544
1.0,23.031728393047995
1.0,25.91372201265119
1.0,26.516590394119454
1.0,24.036543963146663
1.0,26.188425053653535
1.0,24.767048985593163
1.0,25.955353336928297
1.0,24.69010150219975
1.0,24.957791982353825
1.0,23.006916181381463
1.0,26.212013969004417
1.0,26.57424257956342
1.0,24.153509255106005
1.0,25.732142592820562
1.0,26.04404512255286
1.0,26.621374996335515
1.0,27.75011553554545
1.0,26.73471940783599
1.0,23.76994756242491
1.0,24.63809974741707
1.0,25.164209597964692
1.0,24.7153288281662
1.0,26.81565255770207
1.0,24.230354368178002
1.0,24.624116456637662
1.0,24.68461012240657
1.0,25.232035832413008
1.0,24.09572422083822
1.0,25.14623184817251
1.0,25.223247690549602
1.0,24.92569953620223
1.0,25.85983769440774
1.0,25.809475373982902
1.0,25.778069556393483
1.0,24.011916194188373
1.0,24.82470924996291
1.0,23.567915128860133
1.0,25.498195477016942
1.0,26.455253953626023
1.0,24.135376143098615
1.0,25.627409032259
1.0,25.72149944408985
1.0,26.024939531009927
1.0,26.605168495776642
1.0,24.582470534879892
1.0,23.812293955515354
1.0,26.966760724715833
1.0,24.172658359412907
1.0,23.19041870426641
1.0,25.21946085689792
1.0,26.695932307702847
1.0,25.07606410600664
1.0,24.999410003032068
1.0,24.369942406198767
1.0,25.71686609291103
1.0,23.304216919949734
1.0,22.62105021800798
1.0,25.16145084872492
1.0,24.651920714898992
1.0,24.804930401699373
1.0,24.450239381263067
1.0,26.080832374794923
1.0,22.787493952453655
1.0,25.871898356875356
1.0,24.992793642906687
1.0,24.383650404475986
1.0,24.419826048664948
1.0,23.43871025145274
1.0,23.699740310339312
1.0,23.994095917584737
1.0,25.67964857605341
1.0,24.956792629832485
1.0,24.96016037378118
1.0,24.561463787467577
1.0,24.9082688103112
1.0,26.22561207137653
1.0,24.767868323021407
1.0,23.78606030959325
1.0,24.763095398762697
1.0,24.617292434008082
1.0,23.03110215619547
1.0,23.42025201827611
1.0,24.434502515844986
1.0,23.282987002561235
1.0,22.55373810277907
1.0,24.732864598773503
1.0,25.67786923387835
1.0,24.831099117110135
1.0,26.604831121738094
1.0,26.748078826245766
1.0,25.916681568761245
1.0,26.134170320940036
1.0,22.822424558871184
1.0,24.669580339493926
1.0,24.732768721491937
1.0,26.200964147356693
1.0,26.317049187728685
1.0,25.602392401788002
1.0,24.017228182248346
1.0,23.854290481542897
1.0,25.258192054287154
1.0,22.717452023275563
1.0,21.95081291201434
1.0,23.718209467902586
1.0,27.8015194483397
1.0,25.56396142093013
1.0,24.542469854819682
1.0,24.20087145867829
1.0,26.075346092635165
1.0,24.443040613487042
1.0,25.049550548181827
1.0,24.108694630661606
1.0,24.29468533881333
1.0,26.397043784402538
1.0,23.087241297396492
1.0,24.359173502213334
1.0,24.59727913366944
1.0,25.211652789675277
1.0,27.240051774940103
1.0,24.11836325494034
1.0,24.38236588329952
1.0,25.951360744039466
1.0,25.14123219972588
1.0,26.2053043404475
1.0,25.02393040145028
1.0,24.186734889522604
1.0,26.010114660634258
1.0,25.14932562573658
1.0,26.777448264968942
1.0,25.84278401552842
1.0,24.01988755577519
1.0,26.2865644225495
1.0,25.438984947389525
1.0,24.494298543412423
1.0,23.345001977267675
1.0,25.651527840622755
1.0,24.47042440693871
1.0,25.905630666283095
1.0,25.089722783249112
1.0,25.23264270532152
1.0,27.627396969584776
1.0,25.27204169314701
1.0,25.92475237844339
1.0,25.395434491663927
1.0,21.99250947626441
1.0,26.118382138389443
1.0,25.174791404983807
1.0,23.785882490023063
1.0,25.193125437324575
1.0,25.304641719629547
1.0,22.8650313278744
1.0,25.56604531425677
1.0,25.025065143849368
1.0,24.608430330109382
1.0,25.88166583502828
1.0,25.82664835149196
1.0,25.949331490658093
1.0,24.996793455386385
1.0,23.20381054430807
1.0,25.413046938411963
1.0,23.71277866107896
1.0,23.880563618669754
1.0,25.77321821418234
1.0,24.61624135370335
1.0,25.077770436350903
1.0,24.245735320807412
1.0,25.081366092403
1.0,25.274667723323727
1.0,26.11221812379297
1.0,25.532657495816128
1.0,25.782398979067455
1.0,24.686921075268444
1.0,24.954191160234497
1.0,25.169192696403385
1.0,25.37103104440007
1.0,24.056780873043575
1.0,24.23909037913107
1.0,25.280442285675115
1.0,24.951626842557104
1.0,24.018844692333516
1.0,26.30298312699626
1.0,25.059610387285286
1.0,25.124500908569512
1.0,25.113587775740456
1.0,23.66933535985042
1.0,24.652016890084415
1.0,24.713325655408624
1.0,25.674272748688434
1.0,24.57605107432646
1.0,24.077028514985496
1.0,25.311360329216548
1.0,24.515322110941927
1.0,24.98640480435097
1.0,26.240376785265475
1.0,26.03314802629377
1.0,24.880524371683833
1.0,24.22453008094701
1.0,26.161605279974285
1.0,26.243864869213024
1.0,25.027783265850463
1.0,23.787882071998656
1.0,25.637025186120358
1.0,25.683432065825752
1.0,25.62416558705903
1.0,23.646771899589538
1.0,25.89386935703624
1.0,25.837402680781498
1.0,24.626773320565242
1.0,26.179052910052082
1.0,25.791186316921273
1.0,25.21896876163852
1.0,24.38867952252989
1.0,25.1990069142385
1.0,25.314684573090492
1.0,26.24585494615196
1.0,25.50537512170751
1.0,24.55021736096834
1.0,25.60036369473786
1.0,25.787912599806102
1.0,25.47683618747537
1.0,24.29037840173793
1.0,25.09448322860786
1.0,23.36251768102451
1.0,26.156716756171377
1.0,25.798331003665044
1.0,23.674548831027817
1.0,24.779952794672983
1.0,25.629399242764823
1.0,25.96337681670422
1.0,25.48846629196922
1.0,25.455961803463445
1.0,23.344251995732627
1.0,23.027408644036413
1.0,24.483670978774846
1.0,21.977638523381017
1.0,24.06163370705969
1.0,24.19196968700239
1.0,26.210379383530544
1.0,24.603746182971086
1.0,24.27372568853233
1.0,23.424108051726126
1.0,24.314830991191663
1.0,24.013784195489905
1.0,25.528589858992643
1.0,25.586964179178306
1.0,25.559357434317633
1.0,24.12763370442285
1.0,25.835601264145012
1.0,23.535321413780437
1.0,25.247360862631012
1.0,24.7803264167945
1.0,26.01527212755716
1.0,26.075432401059814
1.0,23.181694004938098
1.0,24.16635791193822
1.0,26.013597420358423
1.0,25.75694054484256
1.0,26.901648378908735
1.0,25.08922788404334
1.0,27.066187582974656
1.0,24.07102218670598
1.0,26.665956953081047
1.0,24.741080506786698
1.0,25.904053099347443
1.0,25.866862920650455
1.0,25.443019457861954
1.0,26.56947967802204
1.0,25.595884195542045
1.0,25.197470991702485
1.0,25.442306808207817
1.0,24.783438701081526
1.0,27.026593622508226
1.0,24.99475535297823
1.0,25.27981611799483
1.0,25.57627114401722
1.0,24.55867966844555
1.0,25.37173903060257
1.0,23.15599045222438
1.0,23.431375450040676
1.0,23.837457051396896
1.0,23.476552160534016
1.0,25.27910226448743
1.0,23.846464241266318
1.0,25.13750896487375
1.0,25.76646078189964
1.0,25.511442899228758
1.0,24.95463326225366
1.0,25.186461254770787
1.0,23.74503755712756
1.0,25.364771513917955
1.0,25.136357902794217
1.0,24.737865327630395
1.0,25.002987980717556
1.0,25.084440809367322
1.0,24.824734980132703
1.0,25.086524880161495
1.0,25.648865094566208
1.0,25.480373550492317
1.0,22.842548729317492
1.0,24.796743903364252
1.0,23.165962976683193
1.0,23.34639695255415
1.0,23.123498768985716
1.0,23.544765045426566
1.0,25.550934176692177
1.0,24.535649533906984
1.0,24.18921383721132
1.0,25.884132039102017
1.0,26.044866249152992
1.0,25.519353498216518
1.0,24.968558171385688
1.0,24.427042859194145
1.0,26.25528516497743
1.0,24.373773614035326
1.0,26.17279147900729
1.0,24.51872401733448
1.0,26.152863769232685
1.0,24.83309544124215
1.0,24.60815228185239
1.0,23.9431164441363
1.0,23.448760829129373
1.0,23.474431554768074
1.0,24.59453573723703
1.0,23.6207297599552
1.0,25.30075902525335
1.0,25.4938044402751
1.0,25.87375209793791
1.0,26.2014515898157
1.0,23.865117031005227
1.0,24.666649077537006
1.0,24.56319558654381
1.0,23.75488456186252
1.0,25.191040590041133
1.0,24.572787938927203
1.0,23.615381950541185
1.0,23.35324552080856
1.0,24.757421574418487
1.0,26.149040105704568
1.0,25.384888574976383
1.0,24.540068159674508
1.0,24.695652550001064
1.0,23.618550362951076
1.0,26.71228442022146
1.0,25.446382638834343
1.0,25.37763214619359
1.0,23.944263856215255
1.0,26.96604050065112
1.0,25.20120271547884
1.0,24.904481715941504
1.0,26.252166920933668
1.0,23.961568631596
1.0,23.903819328624767
1.0,24.72064288983796
1.0,25.003690090618345
1.0,24.795753443572927
1.0,23.364665861908193
1.0,24.690444318704046
1.0,25.799620066085197
1.0,24.569961414853925
1.0,25.8034604862208
1.0,24.94101814107414
1.0,24.937181589728436
1.0,24.07647581695439
1.0,25.06387882722523
1.0,25.662292782187077
1.0,26.369321680943056
1.0,26.9515918427142
1.0,24.81393007317886
1.0,26.343962915417983
1.0,23.96522118284432
1.0,24.70983147833596
1.0,25.022620621500785
1.0,24.914712232530125
1.0,26.176076566446845
1.0,24.88258705968368
1.0,24.535923445287754
1.0,22.14315994159958
1.0,24.90840570848377
1.0,24.238623651376283
1.0,25.430216292541402
1.0,25.053695591826322
1.0,24.1144731637301
1.0,22.932189257743524
1.0,25.042152940574812
1.0,24.92813200668203
1.0,25.492903413471957
1.0,26.230625583014323
1.0,26.090795131956558
1.0,23.08937216584671
1.0,26.809242422937636
1.0,23.470356553212426
1.0,25.476733621381648
1.0,23.46339215311597
1.0,23.87675524206972
1.0,24.99599302559035
1.0,23.153904576248003
1.0,25.522979277954555
1.0,25.654627716781032
1.0,24.646302587529465
1.0,26.186649551154844
1.0,24.361567593540425
1.0,25.477876216755803
1.0,24.959626922273394
1.0,25.125759688801896
1.0,22.893957100168628
1.0,25.959765324728618
1.0,24.789631329576746
1.0,24.878001705982783
1.0,25.416283585521505
1.0,27.92585946141674
1.0,25.30093224693218
1.0,24.343961531313845
1.0,23.48511353430889
1.0,25.221637785062512
1.0,24.33652594476633
1.0,24.241047280405994
1.0,26.54126285870932
1.0,24.64514006010619
1.0,24.950434647714022
1.0,25.09524518014071
1.0,25.489062559056595
1.0,23.73180366937961
1.0,25.01421707249965
1.0,25.44341460762025
1.0,25.700962623979237
1.0,25.758623961099936
1.0,24.564938463460937
1.0,24.207677599528953
1.0,24.509580421796624
1.0,25.39058374592047
1.0,25.300877027258718
1.0,25.03140051861821
1.0,25.26724044061689
1.0,25.015069007162943
1.0,24.49269229760274
1.0,25.707736585229064
1.0,24.905912759767432
1.0,26.697391487931917
1.0,23.673086747800223
1.0,25.910672788570807
1.0,24.991990551633933
1.0,24.299542155565813
1.0,24.52290709883036
1.0,26.378823532125324
1.0,26.863533581577254
1.0,26.218975475694993
1.0,25.1625545638823
1.0,27.03863832533241
1.0,25.352069518029676
1.0,24.276585373678806
1.0,24.710835406020916
1.0,26.39772419060034
1.0,23.960107521764506
1.0,24.02525963219835
1.0,25.350535718544567
1.0,25.78281965946363
1.0,24.931503024969782
1.0,25.03893645906434
1.0,22.524468365483116
1.0,23.430812269915762
1.0,26.13377049375046
1.0,23.152497897716177
1.0,23.166553800245083
1.0,24.187639726568854
1.0,24.098135210826225
1.0,24.879679928149713
1.0,24.345337827810283
1.0,27.111340736195196
1.0,24.21585337577425
1.0,26.967725205548764
1.0,24.24178320672065
1.0,23.449610577637593
1.0,25.205397486676528
1.0,26.71180164540071
1.0,26.1490725189127
1.0,25.183922407341555
1.0,22.54705664973788
1.0,23.049218233377765
1.0,25.14133534219369
1.0,24.166243779669337
1.0,24.6936932210848
1.0,24.107555848665896
1.0,25.13272343709208
1.0,25.38235622814753
1.0,24.220906153438754
1.0,24.57777198353467
1.0,25.650800955188895
1.0,23.8274802221838
1.0,25.093972404400965
1.0,26.04865798459595
1.0,22.81118374438417
1.0,25.18190428334403
1.0,24.94236394903077
1.0,23.1987004856217
1.0,26.240790853038533
1.0,26.106048729640356
1.0,24.01806608787363
1.0,25.509774355892336
1.0,26.657352000060484
1.0,24.063549612879534
1.0,25.782036792216246
1.0,24.983856075569754
1.0,25.526538250218767
1.0,23.960292532200366
1.0,24.71060515266271
1.0,25.776882741713703
1.0,23.126256241095913
1.0,25.30492690613677
1.0,23.652767950932898
1.0,25.045321464079745
1.0,24.00316019226561
1.0,25.47204280572042
1.0,26.239938405012015
1.0,23.68484483107178
1.0,24.135700532935914
1.0,25.12337379803662
1.0,25.582171470155682
1.0,25.93737797283082
1.0,22.164072398030665
1.0,24.29728636852422
1.0,25.970125991815873
1.0,23.74880585179171
1.0,25.697102754791686
1.0,25.38047652777938
1.0,24.91582007029661
1.0,24.22324092248711
1.0,25.95718732749529
1.0,25.275280413463182
1.0,23.490814980466784
1.0,23.9464184955967
1.0,24.08242541968243
1.0,26.97537273418363
1.0,25.432501521856867
1.0,24.524072921548008
1.0,24.829417772382566
1.0,25.592357598538747
1.0,27.461652290838494
1.0,24.024442999351546
1.0,25.590655235370708
1.0,25.781177993402228
1.0,24.916570011676445
1.0,24.840464249278977
1.0,26.004053195425694
1.0,25.259609544033516
1.0,26.035967666359646
1.0,24.923754589835713
1.0,24.647727636801545
1.0,23.68142813570855
1.0,23.616598293741237
1.0,26.0754275134423
1.0,23.08026372955739
1.0,25.46663725067311
1.0,23.339569993969054
1.0,25.603854255837934
1.0,24.946123531937907
1.0,25.846464849648967
1.0,25.486669101173373
1.0,25.785578251376347
1.0,24.35486252843624
1.0,25.767668205604885
1.0,26.101147084550448
1.0,24.790515047226116
1.0,23.850538173898148
1.0,24.655217385040157
1.0,23.781406829212074
1.0,25.008282986792917
1.0,22.79800141279939
1.0,24.615584123700245
1.0,25.778855025529015
1.0,24.032276778125535
1.0,23.717814287185107
1.0,25.99296122691842
1.0,24.072783690169988
1.0,25.38962272811123
1.0,25.00172760747304
1.0,24.49848617269888
1.0,25.441127990041817
1.0,26.286011073080196
1.0,24.561199840979295
1.0,24.63030936559116
1.0,24.284339349604128
1.0,24.079375643677288
1.0,23.82349420482093
1.0,25.622595938833232
1.0,25.835129904773755
1.0,24.83131423883782
1.0,23.94604091211458
1.0,24.586666789182292
1.0,24.48819891537172
1.0,24.794600751794796
1.0,24.524476188096457
1.0,23.847364356270166
1.0,24.766061279190495
1.0,24.440452433094094
1.0,24.59591029151486
1.0,23.587193611772754
1.0,24.476029195032925
1.0,23.987671999072944
1.0,27.40520280052191
1.0,25.440189368034723
1.0,25.111799909012362
1.0,24.612182173509062
1.0,27.31773065383635
1.0,24.266796593636315
1.0,24.049680212396424
1.0,25.692611555029185
1.0,24.067573528058354
1.0,24.49317492158281
1.0,24.35282432656297
1.0,25.563135749984102
1.0,24.662740178566427
1.0,24.448470668100217
1.0,25.468775513007007
1.0,25.465577696650648
1.0,24.131020639128536
1.0,23.11708794437597
1.0,25.867325783169893
1.0,24.77631320741854
1.0,24.341839427296108
1.0,26.968776210675156
1.0,24.70977596667342
1.0,23.41992140907044
1.0,25.30396417102874
1.0,24.286713452785612
1.0,25.23021758795142
1.0,24.87926462243736
1.0,24.644358573118378
1.0,24.42107073739159
1.0,25.28349716690758
1.0,24.978596452619573
1.0,25.54678767849031
1.0,23.775110362541138
1.0,25.926641579743812
1.0,25.435414311410426
1.0,25.388358686375803
1.0,26.46014227600942
1.0,24.377341671785985
1.0,24.768085831456872
1.0,26.403232900950453
1.0,26.624701129260746
1.0,24.559057074039153
1.0,25.839295837704576
1.0,25.379262713507032
1.0,27.08490611003397
1.0,24.85501457683511
1.0,25.311450859859754
1.0,26.55109426404036
1.0,24.257046989369766
1.0,22.336389054930784
1.0,24.61922171620074
1.0,24.805488898873797
1.0,24.58520391213277
1.0,24.563083963693295
1.0,25.243379941222177
1.0,24.624561433257124
1.0,24.21374148583031
1.0,23.831615950232003
1.0,26.447331706134147
1.0,25.78244777323741
1.0,24.721858079561407
1.0,24.5747036852851
1.0,22.546409068792432
1.0,25.37948261802818
1.0,23.135777500477776
1.0,24.107662965698243
1.0,25.742866730634326
1.0,26.120650591124
1.0,24.199095811565858
1.0,26.39145665940166
1.0,25.045404440305415
1.0,24.993139269997286
1.0,25.056800038980622
1.0,25.77671595146254
1.0,24.389759299171132
1.0,22.872666987826747
1.0,24.87299601413979
1.0,25.545025575948785
1.0,24.062321433406
1.0,24.604751753179556
1.0,26.40687676455454
1.0,24.704081682138064
1.0,26.218592869160368
1.0,24.323263907593706
1.0,24.426136343935546
1.0,23.572453722844433
1.0,25.28825385139588
1.0,23.85655858869166
1.0,25.064220235143363
1.0,22.729759372848374
1.0,24.937511637135312
1.0,23.887844545057963
1.0,24.766769812482206
1.0,26.791741564844926
1.0,24.173605281854346
1.0,23.257408036770567
1.0,24.606429852028377
1.0,23.815873881924592
1.0,24.09928239971706
1.0,23.361129560776913
1.0,23.182722592407956
1.0,24.902458320201813
1.0,25.97085008727849
1.0,25.494559264893578
1.0,26.31800498027155
1.0,25.769926964348713
1.0,26.7003314487535
1.0,24.128222252894897
1.0,26.459703932777852
1.0,25.19161655547934
1.0,22.713822307525085
1.0,24.64388677009744
1.0,24.592686055539172
1.0,25.823372734310592
1.0,26.061901770168912
1.0,25.84398642723197
1.0,24.581716920402755
1.0,25.083415799448144
1.0,24.36252993228874
1.0,26.465227785035864
1.0,24.719746673670453
1.0,25.858775757246327
1.0,25.54695396345306
1.0,25.309716602597543
1.0,25.700933208382445
1.0,25.33226650560848
1.0,23.849895282096245
1.0,24.800122654697358
1.0,24.306607593408632
1.0,25.18659423044428
1.0,24.042549663665234
1.0,25.436618482060517
1.0,22.97397181727275
1.0,25.56056112062627
1.0,23.464982488780024
1.0,25.588874389626167
1.0,23.948359129039588
1.0,22.94026118591747
1.0,25.713138750436855
1.0,24.72060809111007
1.0,23.210566293292842
1.0,23.83437510020793
1.0,26.923498564520486
1.0,25.84695365328632
5.0,22.21986561926807
5.0,22.77808321445152
5.0,25.13577669004597
5.0,23.502579548205446
5.0,33.889305490286624
5.0,19.2754923413559
5.0,22.656970589161627
5.0,25.780717313203702
5.0,11.790044959616019
5.0,30.016549507297423
5.0,30.411906028042146
5.0,25.93513953551815
5.0,27.59074393938569
5.0,32.45689558520153
5.0,26.837813730874103
5.0,20.568973519759318
5.0,28.422823520824302
5.0,17.047100125387225
5.0,27.053266912021666
5.0,20.71825084723848
5.0,19.745061448193585
5.0,27.510397288117694
5.0,23.918759963350936
5.0,21.467878638992826
5.0,3.3126588526317313
5.0,27.849143244550902
5.0,17.889705452132333
5.0,23.137995621100337
5.0,26.845051422759166
5.0,24.961935099603433
5.0,27.813344061606294
5.0,25.534345551768254
5.0,27.847292474647737
5.0,28.405424637217642
5.0,18.304374393113424
5.0,23.80858140900557
5.0,30.096793943688578
5.0,28.508856642068366
5.0,24.27394749296352
5.0,28.214482353121532
5.0,34.09674248694423
5.0,23.163700540828227
5.0,28.782844857956274
5.0,25.435084067227063
5.0,20.744031860424865
5.0,29.621189324908908
5.0,33.0604544010718
5.0,27.45996247173846
5.0,23.86959274341935
5.0,18.24179783795836
5.0,26.511827511826816
5.0,31.126283550939505
5.0,22.710111550576595
5.0,23.156324848276434
5.0,22.060452628327052
5.0,29.45064272175607
5.0,26.19711294660264
5.0,24.02436616347954
5.0,28.270632955484473
5.0,20.909710295163897
5.0,16.747164660474073
5.0,22.935042133303295
5.0,25.136458107703557
5.0,26.4879756874342
5.0,25.35683686059438
5.0,20.527407646022354
5.0,15.02623084434859
5.0,24.06357589989011
5.0,22.072784123908182
5.0,17.45298709900426
5.0,24.457901007700308
5.0,23.142501379716368
5.0,31.04713627129073
5.0,23.979949938825825
5.0,25.06242189207078
5.0,25.70290162681276
5.0,20.038038854599336
5.0,19.257705064415656
5.0,31.8578797376877
5.0,24.704660787049054
5.0,23.23460667211595
5.0,17.755594971007874
5.0,36.93957651347613
5.0,25.62903943249027
5.0,26.585028933784947
5.0,26.381462599461035
5.0,16.87190271667621
5.0,20.31342322942077
5.0,20.347535598905942
5.0,15.047230138342698
5.0,25.68769900964184
5.0,40.74787962063761
5.0,21.392939007562866
5.0,22.11453651506576
5.0,27.29691887652378
5.0,26.236038530275266
5.0,24.871687530979685
5.0,21.839595159865638
5.0,19.897903225654744
5.0,18.442460998978575
5.0,28.435332239405874
5.0,24.52699644133171
5.0,23.576261381191653
5.0,23.30618641642785
5.0,24.52316256529539
5.0,28.844857868399114
5.0,32.21221801298766
5.0,23.62483931125663
5.0,23.10181253845483
5.0,21.38651839839963
5.0,25.698305627905803
5.0,17.953303773102242
5.0,30.277283178538585
5.0,13.81088884343056
5.0,21.549424978693207
5.0,18.089344534381794
5.0,27.96925210832587
5.0,28.304980301901455
5.0,38.79458233182228
5.0,27.338177803497818
5.0,24.596972586869278
5.0,25.397856497702943
5.0,23.187439163611362
5.0,21.558345973608585
5.0,21.52116531832121
5.0,22.850529205901385
5.0,21.914903434042742
5.0,21.062309383202248
5.0,29.896840820243774
5.0,24.165549944713753
5.0,22.794823151406163
5.0,24.94670738066862
5.0,27.037703097005082
5.0,23.087569515127772
5.0,22.846821329793435
5.0,24.735375509042942
5.0,28.81553296661119
5.0,16.460887769167943
5.0,21.674740192701485
5.0,32.97510424859432
5.0,27.71233893872425
5.0,26.35145400528062
5.0,30.818701367915452
5.0,20.123804001922558
5.0,27.956451861535644
5.0,22.094187749579092
5.0,19.793668624599235
5.0,24.037735362947814
5.0,22.825948992330172
5.0,25.421137032850876
5.0,30.219062664141305
5.0,22.536412908850668
5.0,31.229285108194375
5.0,30.602655754796746
5.0,24.38345680652816
5.0,19.667615513456816
5.0,26.52350721987035
5.0,15.994868320135652
5.0,24.336566705529005
5.0,28.151476689291226
5.0,13.291191034373409
5.0,24.201337779462648
5.0,28.397658860000682
5.0,21.27617733120809
5.0,31.153485361812795
5.0,30.452988197774644
5.0,34.47932026138896
5.0,23.660666166860157
5.0,35.19713581480681
5.0,25.27870165826531
5.0,21.403229560171148
5.0,24.18554459038393
5.0,23.558604928652358
5.0,14.732754266973117
5.0,13.833404465093654
5.0,19.232956207081426
5.0,17.204078120157938
5.0,18.23828257079269
5.0,23.224042636698602
5.0,16.734828840071433
5.0,19.911015443063242
5.0,31.77303519576534
5.0,21.348428229959758
5.0,32.29700755790953
5.0,30.877765553789366
5.0,32.347958163320605
5.0,35.77518128210956
5.0,24.0109196379415
5.0,18.807779667755817
5.0,27.38121581392121
5.0,27.832017521377182
5.0,35.956069539348476
5.0,24.16514616152881
5.0,15.799126397094117
5.0,22.032060708387835
5.0,22.77640733349711
5.0,34.405666764580964
5.0,20.714983717424886
5.0,27.654485756330228
5.0,29.737631468737966
5.0,27.53277196312081
5.0,17.86561840166246
5.0,26.36385123797694
5.0,33.41645738389293
5.0,29.397245497209575
5.0,23.13854321845905
5.0,18.311909200526443
5.0,21.68144637498424
5.0,23.17899863486601
5.0,25.64090431783146
5.0,20.722301241028916
5.0,28.731748107152292
5.0,23.932512719238336
5.0,28.03498161814618
5.0,24.24781841209976
5.0,26.43271936742844
5.0,29.84476514508936
5.0,27.322972196694664
5.0,24.496207788981838
5.0,29.859567595843355
5.0,31.796361612352904
5.0,29.599194353902902
5.0,24.980261247449537
5.0,28.325747257178048
5.0,22.678527068560243
5.0,24.51838079896494
5.0,17.679841512643044
5.0,25.17058678030758
5.0,25.96306288644772
5.0,31.361764785703187
5.0,21.601372922650793
5.0,28.560723010293717
5.0,33.23711368898497
5.0,18.19351991956328
5.0,33.199714606504216
5.0,18.532807097216875
5.0,21.953325843653896
5.0,22.535482179512105
5.0,25.382639581780577
5.0,25.796131391001385
5.0,27.22319653195528
5.0,18.937939283762177
5.0,18.24111207192332
5.0,19.840561329506748
5.0,30.371142576137657
5.0,30.33676214947068
5.0,24.149649954377704
5.0,25.96890067576316
5.0,12.591849976386166
5.0,22.703714971151488
5.0,19.0510391879488
5.0,26.302831041364758
5.0,21.84526574308955
5.0,32.6997620699805
5.0,24.482363993420545
5.0,30.24920710940775
5.0,24.571964689092717
5.0,15.158641965239969
5.0,29.568610063255946
5.0,32.58295197059727
5.0,20.182719815733307
5.0,30.942125268267674
5.0,23.83524492796581
5.0,29.776766684641494
5.0,23.45050751099874
5.0,24.78895991176913
5.0,15.034580906907314
5.0,31.060069845022085
5.0,32.8712128978171
5.0,20.76754627553002
5.0,28.660712964102803
5.0,30.220225612764295
5.0,33.10687498167758
5.0,38.750577677727264
5.0,33.673597039179946
5.0,18.849737812124552
5.0,23.190498737085345
5.0,25.821047989823455
5.0,23.576644140831004
5.0,34.078262788510344
5.0,21.151771840890007
5.0,23.120582283188313
5.0,23.42305061203285
5.0,26.16017916206504
5.0,20.478621104191102
5.0,25.73115924086255
5.0,26.116238452748007
5.0,24.628497681011154
5.0,29.299188472038697
5.0,29.047376869914512
5.0,28.890347781967407
5.0,20.05958097094186
5.0,24.12354624981455
5.0,17.839575644300663
5.0,27.49097738508471
5.0,32.276269768130106
5.0,20.67688071549308
5.0,28.137045161294992
5.0,28.607497220449247
5.0,30.124697655049644
5.0,33.02584247888321
5.0,22.912352674399454
5.0,19.06146977757677
5.0,34.83380362357917
5.0,20.863291797064534
5.0,15.952093521332042
5.0,26.0973042844896
5.0,33.479661538514236
5.0,25.380320530033195
5.0,24.99705001516034
5.0,21.84971203099383
5.0,28.584330464555148
5.0,16.52108459974867
5.0,13.105251090039896
5.0,25.807254243624612
5.0,23.259603574494964
5.0,24.024652008496865
5.0,22.25119690631533
5.0,30.404161873974616
5.0,13.937469762268268
5.0,29.35949178437677
5.0,24.963968214533427
5.0,21.918252022379924
5.0,22.099130243324737
5.0,17.193551257263703
5.0,18.498701551696552
5.0,19.97047958792369
5.0,28.398242880267052
5.0,24.78396314916242
5.0,24.80080186890589
5.0,22.807318937337882
5.0,24.541344051555996
5.0,31.12806035688265
5.0,23.83934161510704
5.0,18.93030154796625
5.0,23.815476993813483
5.0,23.086462170040416
5.0,15.155510780977352
5.0,17.101260091380546
5.0,22.17251257922493
5.0,16.414935012806172
5.0,12.768690513895356
5.0,23.66432299386751
5.0,28.389346169391754
5.0,24.15549558555068
5.0,33.02415560869048
5.0,33.74039413122884
5.0,29.583407843806224
5.0,30.670851604700186
5.0,14.112122794355928
5.0,23.347901697469634
5.0,23.66384360745969
5.0,31.00482073678346
5.0,31.585245938643425
5.0,28.01196200894001
5.0,20.086140911241728
5.0,19.27145240771448
5.0,26.29096027143576
5.0,13.587260116377804
5.0,9.75406456007169
5.0,18.59104733951293
5.0,39.007597241698505
5.0,27.819807104650653
5.0,22.712349274098404
5.0,21.004357293391447
5.0,30.376730463175818
5.0,22.215203067435205
5.0,25.24775274090914
5.0,20.543473153308035
5.0,21.473426694066646
5.0,31.98521892201268
5.0,15.436206486982467
5.0,21.795867511066668
5.0,22.9863956683472
5.0,26.05826394837638
5.0,36.20025887470051
5.0,20.591816274701706
5.0,21.911829416497596
5.0,29.756803720197325
5.0,25.70616099862941
5.0,31.026521702237503
5.0,25.11965200725139
5.0,20.93367444761302
5.0,30.050573303171294
5.0,25.746628128682897
5.0,33.88724132484471
5.0,29.213920077642097
5.0,20.099437778875945
5.0,31.432822112747505
5.0,27.194924736947627
5.0,22.471492717062116
5.0,16.72500988633837
5.0,28.25763920311377
5.0,22.352122034693565
5.0,29.528153331415474
5.0,25.448613916245566
5.0,26.16321352660761
5.0,38.136984847923884
5.0,26.360208465735045
5.0,29.62376189221695
5.0,26.97717245831963
5.0,9.962547381322048
5.0,30.591910691947206
5.0,25.87395702491904
5.0,18.929412450115315
5.0,25.965627186622868
5.0,26.52320859814773
5.0,14.325156639372008
5.0,27.830226571283852
5.0,25.12532571924684
5.0,23.042151650546902
5.0,29.4083291751414
5.0,29.1332417574598
5.0,29.746657453290467
5.0,24.983967276931924
5.0,16.01905272154035
5.0,27.065234692059807
5.0,18.5638933053948
5.0,19.402818093348763
5.0,28.866091070911693
5.0,23.08120676851676
5.0,25.388852181754512
5.0,21.228676604037055
5.0,25.406830462015
5.0,26.37333861661864
5.0,30.561090618964858
5.0,27.663287479080648
5.0,28.91199489533728
5.0,23.434605376342223
5.0,24.770955801172494
5.0,25.845963482016924
5.0,26.85515522200034
5.0,20.283904365217875
5.0,21.195451895655356
5.0,26.40221142837558
5.0,24.758134212785514
5.0,20.094223461667585
5.0,31.514915634981303
5.0,25.298051936426432
5.0,25.622504542847565
5.0,25.567938878702282
5.0,18.346676799252116
5.0,23.260084450422077
5.0,23.566628277043122
5.0,28.37136374344217
5.0,22.880255371632312
5.0,20.385142574927478
5.0,26.556801646082743
5.0,22.57661055470964
5.0,24.932024021754835
5.0,31.201883926327376
5.0,30.165740131468844
5.0,24.402621858419167
5.0,21.12265040473504
5.0,30.808026399871423
5.0,31.219324346065118
5.0,25.138916329252314
5.0,18.939410359993282
5.0,28.185125930601792
5.0,28.417160329128752
5.0,28.12082793529514
5.0,18.23385949794769
5.0,29.46934678518121
5.0,29.187013403907482
5.0,23.133866602826203
5.0,30.895264550260407
5.0,28.95593158460637
5.0,26.09484380819261
5.0,21.94339761264946
5.0,25.9950345711925
5.0,26.573422865452457
5.0,31.229274730759816
5.0,27.52687560853755
5.0,22.751086804841695
5.0,28.001818473689315
5.0,28.939562999030503
5.0,27.38418093737685
5.0,21.451892008689647
5.0,25.472416143039297
5.0,16.812588405122547
5.0,30.783583780856887
5.0,28.991655018325222
5.0,18.372744155139088
5.0,23.89976397336492
5.0,28.146996213824114
5.0,29.816884083521096
5.0,27.442331459846105
5.0,27.27980901731722
5.0,16.721259978663134
5.0,15.137043220182072
5.0,22.418354893874223
5.0,9.888192616905085
5.0,20.30816853529846
5.0,20.95984843501195
5.0,31.051896917652712
5.0,23.018730914855432
5.0,21.368628442661656
5.0,17.120540258630626
5.0,21.574154955958306
5.0,20.068920977449515
5.0,27.64294929496321
5.0,27.934820895891534
5.0,27.796787171588168
5.0,20.638168522114242
5.0,29.178006320725054
5.0,17.676607068902182
5.0,26.236804313155062
5.0,23.901632083972512
5.0,30.076360637785804
5.0,30.377162005299077
5.0,15.908470024690494
5.0,20.83178955969111
5.0,30.067987101792106
5.0,28.784702724212806
5.0,34.50824189454367
5.0,25.4461394202167
5.0,35.33093791487328
5.0,20.3551109335299
5.0,33.329784765405236
5.0,23.705402533933494
5.0,29.520265496737217
5.0,29.334314603252274
5.0,27.215097289309774
5.0,32.847398390110214
5.0,27.97942097771022
5.0,25.98735495851243
5.0,27.211534041039094
5.0,23.91719350540762
5.0,35.13296811254113
5.0,24.97377676489115
5.0,26.399080589974155
5.0,27.8813557200861
5.0,22.793398342227746
5.0,26.85869515301285
5.0,15.779952261121897
5.0,17.156877250203387
5.0,19.187285256984474
5.0,17.382760802670088
5.0,26.39551132243715
5.0,19.232321206331584
5.0,25.687544824368743
5.0,28.832303909498197
5.0,27.557214496143793
5.0,24.773166311268316
5.0,25.93230627385393
5.0,18.7251877856378
5.0,26.823857569589773
5.0,25.681789513971083
5.0,23.689326638151975
5.0,25.014939903587777
5.0,25.422204046836608
5.0,24.123674900663513
5.0,25.432624400807466
5.0,28.244325472831044
5.0,27.401867752461587
5.0,14.212743646587455
5.0,23.983719516821267
5.0,15.82981488341596
5.0,16.731984762770754
5.0,15.617493844928582
5.0,17.723825227132835
5.0,27.754670883460882
5.0,22.678247669534926
5.0,20.946069186056604
5.0,29.42066019551009
5.0,30.22433124576496
5.0,27.596767491082595
5.0,24.84279085692843
5.0,22.135214295970723
5.0,31.276425824887156
5.0,21.86886807017663
5.0,30.86395739503645
5.0,22.593620086672402
5.0,30.764318846163427
5.0,24.16547720621076
5.0,23.04076140926195
5.0,19.71558222068151
5.0,17.243804145646866
5.0,17.37215777384037
5.0,22.972678686185148
5.0,18.103648799776
5.0,26.503795126266745
5.0,27.469022201375495
5.0,29.368760489689556
5.0,31.0072579490785
5.0,19.325585155026133
5.0,23.333245387685032
5.0,22.815977932719054
5.0,18.7744228093126
5.0,25.95520295020567
5.0,22.86393969463602
5.0,18.07690975270593
5.0,16.766227604042804
5.0,23.787107872092427
5.0,30.745200528522837
5.0,26.92444287488192
5.0,22.70034079837254
5.0,23.478262750005324
5.0,18.092751814755374
5.0,33.561422101107304
5.0,27.231913194171725
5.0,26.88816073096795
5.0,19.72131928107627
5.0,34.8302025032556
5.0,26.006013577394192
5.0,24.522408579707527
5.0,31.26083460466834
5.0,19.807843157979985
5.0,19.51909664312384
5.0,23.603214449189803
5.0,25.01845045309173
5.0,23.97876721786464
5.0,16.823329309540973
5.0,23.45222159352023
5.0,28.998100330425977
5.0,22.849807074269624
5.0,29.017302431104
5.0,24.705090705370694
5.0,24.685907948642175
5.0,20.382379084771937
5.0,25.319394136126164
5.0,28.311463910935377
5.0,31.846608404715283
5.0,34.757959213571
5.0,24.069650365894304
5.0,31.71981457708991
5.0,19.82610591422161
5.0,23.54915739167981
5.0,25.113103107503917
5.0,24.57356116265062
5.0,30.880382832234226
5.0,24.4129352984184
5.0,22.679617226438776
5.0,10.715799707997899
5.0,24.542028542418855
5.0,21.193118256881412
5.0,27.15108146270701
5.0,25.26847795913162
5.0,20.572365818650503
5.0,14.66094628871762
5.0,25.210764702874062
5.0,24.64066003341016
5.0,27.464517067359782
5.0,31.15312791507162
5.0,30.45397565978279
5.0,15.446860829233561
5.0,34.046212114688174
5.0,17.35178276606213
5.0,27.383668106908235
5.0,17.316960765579836
5.0,19.3837762103486
5.0,24.979965127951758
5.0,15.769522881240011
5.0,27.614896389772777
5.0,28.27313858390517
5.0,23.231512937647334
5.0,30.933247755774225
5.0,21.807837967702117
5.0,27.389381083779007
5.0,24.798134611366976
5.0,25.62879844400948
5.0,14.469785500843134
5.0,29.798826623643095
5.0,23.948156647883728
5.0,24.39000852991392
5.0,27.081417927607532
5.0,39.6292973070837
5.0,26.50466123466091
5.0,21.71980765656922
5.0,17.42556767154445
5.0,26.10818892531256
5.0,21.682629723831646
5.0,21.20523640202997
5.0,32.70631429354661
5.0,23.225700300530946
5.0,24.752173238570112
5.0,25.47622590070356
5.0,27.445312795282984
5.0,18.65901834689804
5.0,25.071085362498255
5.0,27.21707303810125
5.0,28.50481311989618
5.0,28.793119805499686
5.0,22.824692317304685
5.0,21.03838799764476
5.0,22.547902108983113
5.0,26.952918729602352
5.0,26.504385136293585
5.0,25.157002593091054
5.0,26.33620220308446
5.0,25.07534503581472
5.0,22.4634614880137
5.0,28.538682926145327
5.0,24.529563798837167
5.0,33.486957439659584
5.0,18.365433739001116
5.0,29.553363942854027
5.0,24.95995275816966
5.0,21.49771077782906
5.0,22.61453549415179
5.0,31.894117660626623
5.0,34.31766790788627
5.0,31.09487737847496
5.0,25.81277281941149
5.0,35.193191626662056
5.0,26.760347590148385
5.0,21.382926868394033
5.0,23.554177030104583
5.0,31.98862095300169
5.0,19.800537608822523
5.0,20.126298160991748
5.0,26.75267859272283
5.0,28.914098297318148
5.0,24.65751512484891
5.0,25.1946822953217
5.0,12.622341827415585
5.0,17.154061349578818
5.0,30.668852468752306
5.0,15.762489488580885
5.0,15.832769001225413
5.0,20.93819863284427
5.0,20.49067605413112
5.0,24.39839964074856
5.0,21.726689139051413
5.0,35.55670368097598
5.0,21.079266878871234
5.0,34.83862602774382
5.0,21.208916033603256
5.0,17.248052888187964
5.0,26.026987433382637
5.0,33.55900822700353
5.0,30.745362594563503
5.0,25.919612036707775
5.0,12.735283248689388
5.0,15.246091166888823
5.0,25.706676710968434
5.0,20.831218898346687
5.0,23.468466105424007
5.0,20.53777924332949
5.0,25.663617185460396
5.0,26.911781140737638
5.0,21.104530767193772
5.0,22.88885991767335
5.0,28.25400477594448
5.0,19.137401110919004
5.0,25.46986202200482
5.0,30.243289922979734
5.0,14.055918721920852
5.0,25.90952141672014
5.0,24.71181974515386
5.0,15.993502428108503
5.0,31.20395426519266
5.0,30.53024364820178
5.0,20.090330439368163
5.0,27.54887177946168
5.0,33.28676000030243
5.0,20.317748064397676
5.0,28.910183961081234
5.0,24.91928037784877
5.0,27.63269125109383
5.0,19.80146266100183
5.0,23.55302576331354
5.0,28.88441370856851
5.0,15.631281205479564
5.0,26.524634530683848
5.0,18.26383975466448
5.0,25.22660732039873
5.0,20.01580096132806
5.0,27.360214028602094
5.0,31.19969202506008
5.0,18.42422415535889
5.0,20.678502664679574
5.0,25.616868990183104
5.0,27.910857350778418
5.0,29.686889864154097
5.0,10.82036199015332
5.0,21.486431842621094
5.0,29.850629959079367
5.0,18.744029258958562
5.0,28.485513773958427
5.0,26.90238263889689
5.0,24.57910035148306
5.0,21.11620461243555
5.0,29.785936637476453
5.0,26.376402067315905
5.0,17.454074902333915
5.0,19.732092477983496
5.0,20.41212709841215
5.0,34.87686367091814
5.0,27.16250760928434
5.0,22.620364607740044
5.0,24.14708886191283
5.0,27.961787992693743
5.0,37.30826145419246
5.0,20.122214996757723
5.0,27.953276176853546
5.0,28.90588996701114
5.0,24.582850058382217
5.0,24.20232124639489
5.0,30.020265977128478
5.0,26.298047720167574
5.0,30.179838331798226
5.0,24.61877294917857
5.0,23.238638184007723
5.0,18.40714067854275
5.0,18.082991468706187
5.0,30.377137567211502
5.0,15.401318647786947
5.0,27.333186253365554
5.0,16.697849969845265
5.0,28.019271279189663
5.0,24.73061765968953
5.0,29.232324248244833
5.0,27.433345505866864
5.0,28.92789125688173
5.0,21.774312642181197
5.0,28.838341028024423
5.0,30.505735422752235
5.0,23.952575236130578
5.0,19.252690869490745
5.0,23.276086925200783
5.0,18.90703414606036
5.0,25.041414933964585
5.0,13.99000706399696
5.0,23.07792061850122
5.0,28.89427512764508
5.0,20.161383890627683
5.0,18.58907143592554
5.0,29.964806134592106
5.0,20.363918450849944
5.0,26.948113640556162
5.0,25.00863803736519
5.0,22.4924308634944
5.0,27.205639950209093
5.0,31.430055365400975
5.0,22.80599920489648
5.0,23.151546827955805
5.0,21.421696748020647
5.0,20.39687821838644
5.0,19.11747102410465
5.0,28.11297969416616
5.0,29.175649523868767
5.0,24.15657119418909
5.0,19.730204560572904
5.0,22.93333394591146
5.0,22.440994576858593
5.0,23.97300375897398
5.0,22.622380940482287
5.0,19.236821781350827
5.0,23.83030639595247
5.0,22.202262165470465
5.0,22.979551457574285
5.0,17.935968058863768
5.0,22.38014597516463
5.0,19.938359995364724
5.0,37.02601400260954
5.0,27.20094684017361
5.0,25.558999545061802
5.0,23.060910867545314
5.0,36.58865326918175
5.0,21.333982968181566
5.0,20.248401061982126
5.0,28.46305777514592
5.0,20.337867640291762
5.0,22.46587460791405
5.0,21.76412163281485
5.0,27.81567874992052
5.0,23.313700892832138
5.0,22.242353340501094
5.0,27.34387756503503
5.0,27.327888483253233
5.0,20.65510319564269
5.0,15.585439721879847
5.0,29.336628915849467
5.0,23.881566037092696
5.0,21.70919713648054
5.0,34.843881053375775
5.0,23.5488798333671
5.0,17.099607045352194
5.0,26.51982085514369
5.0,21.43356726392806
5.0,26.15108793975709
5.0,24.39632311218681
5.0,23.221792865591897
5.0,22.10535368695795
5.0,26.417485834537903
5.0,24.89298226309786
5.0,27.733938392451563
5.0,18.87555181270569
5.0,29.633207898719068
5.0,27.177071557052123
5.0,26.94179343187901
5.0,32.300711380047105
5.0,21.886708358929926
5.0,23.840429157284362
5.0,32.01616450475227
5.0,33.12350564630374
5.0,22.79528537019577
5.0,29.196479188522886
5.0,26.896313567535163
5.0,35.42453055016985
5.0,24.27507288417555
5.0,26.557254299298773
5.0,32.75547132020179
5.0,21.28523494684883
5.0,11.681945274653929
5.0,23.0961085810037
5.0,24.02744449436898
5.0,22.926019560663843
5.0,22.815419818466474
5.0,26.216899706110876
5.0,23.12280716628563
5.0,21.068707429151566
5.0,19.15807975116001
5.0,32.23665853067073
5.0,28.912238866187053
5.0,23.60929039780703
5.0,22.87351842642551
5.0,12.732045343962167
5.0,26.8974130901409
5.0,15.678887502388882
5.0,20.538314828491213
5.0,28.714333653171636
5.0,30.603252955620007
5.0,20.995479057829293
5.0,31.957283297008296
5.0,25.22702220152708
5.0,24.96569634998643
5.0,25.284000194903108
5.0,28.8835797573127
5.0,21.94879649585566
5.0,14.363334939133733
5.0,24.364980070698948
5.0,27.725127879743923
5.0,20.311607167030015
5.0,23.02375876589779
5.0,32.03438382277269
5.0,23.520408410690322
5.0,31.09296434580184
5.0,21.616319537968522
5.0,22.13068171967774
5.0,17.862268614222167
5.0,26.441269256979403
5.0,19.2827929434583
5.0,25.321101175716816
5.0,13.648796864241877
5.0,24.68755818567656
5.0,19.43922272528982
5.0,23.833849062411034
5.0,33.958707824224625
5.0,20.868026409271735
5.0,16.287040183852838
5.0,23.032149260141882
5.0,19.079369409622952
5.0,20.4964119985853
5.0,16.805647803884565
5.0,15.91361296203978
5.0,24.512291601009064
5.0,29.854250436392444
5.0,27.47279632446789
5.0,31.590024901357744
5.0,28.84963482174357
5.0,33.50165724376749
5.0,20.641111264474482
5.0,32.29851966388926
5.0,25.9580827773967
5.0,13.569111537625432
5.0,23.21943385048719
5.0,22.96343027769586
5.0,29.116863671552956
5.0,30.309508850844566
5.0,29.21993213615986
5.0,22.908584602013775
5.0,25.417078997240722
5.0,21.812649661443707
5.0,32.326138925179315
5.0,23.59873336835226
5.0,29.29387878623163
5.0,27.734769817265306
5.0,26.548583012987717
5.0,28.50466604191222
5.0,26.661332528042404
5.0,19.249476410481222
5.0,24.000613273486795
5.0,21.533037967043164
5.0,25.932971152221388
5.0,20.212748318326163
5.0,27.183092410302585
5.0,14.869859086363755
5.0,27.80280560313135
5.0,17.32491244390012
5.0,27.944371948130826
5.0,19.74179564519794
5.0,14.701305929587365
5.0,28.565693752184266
5.0,23.60304045555035
5.0,16.052831466464205
5.0,19.171875501039636
5.0,34.617492822602436
5.0,29.2347682664316
15.0,16.65959685780421
15.0,18.33424964335456
15.0,25.407330070137906
15.0,20.507738644616342
15.0,51.667916470859865
15.0,7.8264770240676995
15.0,17.970911767484882
15.0,27.342151939611103
15.0,0
15.0,40.049648521892266
15.0,41.23571808412644
15.0,27.80541860655445
15.0,32.77223181815707
15.0,47.370686755604595
15.0,30.513441192622306
15.0,11.706920559277952
15.0,35.268470562472906
15.0,1.1413003761616736
15.0,31.159800736064994
15.0,12.15475254171544
15.0,9.235184344580759
15.0,32.53119186435308
15.0,21.75627989005281
15.0,14.403635916978477
15.0,0
15.0,33.547429733652706
15.0,3.6691163563970015
15.0,19.413986863301016
15.0,30.535154268277495
15.0,24.885805298810297
15.0,33.44003218481888
15.0,26.603036655304763
15.0,33.54187742394321
15.0,35.21627391165293
15.0,4.913123179340268
15.0,21.425744227016708
15.0,40.29038183106573
15.0,35.5265699262051
15.0,22.82184247889056
15.0,34.643447059364604
15.0,52.290227460832696
15.0,19.491101622484685
15.0,36.34853457386882
15.0,26.305252201681185
15.0,12.232095581274598
15.0,38.86356797472672
15.0,49.18136320321541
15.0,32.379887415215386
15.0,21.60877823025805
15.0,4.72539351387508
15.0,29.53548253548045
15.0,43.378850652818514
15.0,18.13033465172979
15.0,19.468974544829305
15.0,16.18135788498116
15.0,38.3519281652682
15.0,28.591338839807918
15.0,22.07309849043862
15.0,34.81189886645342
15.0,12.729130885491692
15.0,0.24149398142222367
15.0,18.805126399909888
15.0,25.409374323110676
15.0,29.463927062302602
15.0,26.07051058178314
15.0,11.582222938067066
15.0,0
15.0,22.190727699670337
15.0,16.218352371724546
15.0,2.3589612970127867
15.0,23.373703023100926
15.0,19.4275041391491
15.0,43.14140881387219
15.0,21.939849816477473
15.0,25.18726567621234
15.0,27.108704880438285
15.0,10.114116563798008
15.0,7.773115193246969
15.0,45.5736392130631
15.0,24.113982361147162
15.0,19.703820016347855
15.0,3.266784913023617
15.0,60.8187295404284
15.0,26.88711829747081
15.0,29.755086801354842
15.0,29.1443877983831
15.0,0.615708150028631
15.0,10.940269688262305
15.0,11.04260679671783
15.0,0
15.0,27.063097028925515
15.0,72.24363886191284
15.0,14.178817022688602
15.0,16.343609545197282
15.0,31.890756629571342
15.0,28.7081155908258
15.0,24.615062592939054
15.0,15.518785479596918
15.0,9.693709676964232
15.0,5.327382996935725
15.0,35.30599671821763
15.0,23.58098932399513
15.0,20.728784143574963
15.0,19.918559249283547
15.0,23.569487695886174
15.0,36.53457360519734
15.0,46.636654038962995
15.0,20.87451793376989
15.0,19.30543761536449
15.0,14.159555195198896
15.0,27.09491688371741
15.0,3.8599113193067325
15.0,40.83184953561575
15.0,0
15.0,14.648274936079618
15.0,4.26803360314538
15.0,33.907756324977605
15.0,34.91494090570437
15.0,66.38374699546685
15.0,32.01453341049345
15.0,23.790917760607833
15.0,26.19356949310883
15.0,19.56231749083409
15.0,14.675037920825758
15.0,14.563495954963628
15.0,18.551587617704158
15.0,15.744710302128224
15.0,13.18692814960674
15.0,39.690522460731316
15.0,22.496649834141255
15.0,18.384469454218493
15.0,24.840122142005857
15.0,31.113109291015245
15.0,19.26270854538332
15.0,18.540463989380303
15.0,24.206126527128827
15.0,36.44659889983357
15.0,0
15.0,15.024220578104455
15.0,48.92531274578296
15.0,33.13701681617276
15.0,29.054362015841853
15.0,42.456104103746355
15.0,10.371412005767668
15.0,33.869355584606936
15.0,16.28256324873728
15.0,9.38100587379771
15.0,22.113206088843437
15.0,18.477846976990513
15.0,26.26341109855263
15.0,40.657187992423914
15.0,17.609238726552007
15.0,43.687855324583126
15.0,41.80796726439024
15.0,23.150370419584476
15.0,9.002846540370449
15.0,29.570521659611053
15.0,0
15.0,23.009700116587013
15.0,34.45443006787367
15.0,0
15.0,22.604013338387944
15.0,35.19297658000205
15.0,13.82853199362427
15.0,43.46045608543838
15.0,41.35896459332393
15.0,53.437960784166904
15.0,20.981998500580474
15.0,55.59140744442044
15.0,25.836104974795926
15.0,14.209688680513448
15.0,22.556633771151795
15.0,20.67581478595708
15.0,0
15.0,0
15.0,7.69886862124428
15.0,1.6122343604738134
15.0,4.714847712378081
15.0,19.672127910095806
15.0,0.2044865202143029
15.0,9.733046329189724
15.0,45.31910558729602
15.0,14.04528468987927
15.0,46.89102267372859
15.0,42.63329666136809
15.0,47.043874489961816
15.0,57.325543846328685
15.0,22.032758913824505
15.0,6.423339003267444
15.0,32.14364744176363
15.0,33.496052564131546
15.0,57.86820861804542
15.0,22.495438484586433
15.0,0
15.0,16.09618212516351
15.0,18.329222000491335
15.0,53.217000293742885
15.0,12.144951152274656
15.0,32.96345726899069
15.0,39.2128944062139
15.0,32.598315889362425
15.0,3.596855204987378
15.0,29.09155371393082
15.0,50.2493721516788
15.0,38.19173649162873
15.0,19.415629655377153
15.0,4.935727601579334
15.0,15.044339124952723
15.0,19.536995904598026
15.0,26.92271295349438
15.0,12.166903723086751
15.0,36.195244321456876
15.0,21.797538157715007
15.0,34.104944854438536
15.0,22.74345523629928
15.0,29.298158102285317
15.0,39.534295435268085
15.0,31.968916590083996
15.0,23.488623366945518
15.0,39.57870278753006
15.0,45.38908483705872
15.0,38.79758306170871
15.0,24.94078374234861
15.0,34.977241771534146
15.0,18.03558120568073
15.0,23.55514239689482
15.0,3.039524537929129
15.0,25.511760340922738
15.0,27.88918865934316
15.0,44.08529435710956
15.0,14.804118767952376
15.0,35.682169030881155
15.0,49.7113410669549
15.0,4.580559758689837
15.0,49.59914381951266
15.0,5.598421291650627
15.0,15.85997753096169
15.0,17.60644653853631
15.0,26.147918745341734
15.0,27.38839417300415
15.0,31.66958959586584
15.0,6.813817851286526
15.0,4.723336215769962
15.0,9.52168398852024
15.0,41.113427728412965
15.0,41.010286448412046
15.0,22.448949863133116
15.0,27.90670202728948
15.0,0
15.0,18.111144913454467
15.0,7.1531175638463935
15.0,28.908493124094278
15.0,15.535797229268642
15.0,48.09928620994151
15.0,23.447091980261632
15.0,40.74762132822325
15.0,23.715894067278153
15.0,0
15.0,38.70583018976784
15.0,47.748855911791814
15.0,10.548159447199916
15.0,42.82637580480302
15.0,21.50573478389743
15.0,39.33030005392448
15.0,20.351522532996228
15.0,24.36687973530739
15.0,0
15.0,43.180209535066254
15.0,48.61363869345131
15.0,12.302638826590059
15.0,35.982138892308406
15.0,40.660676838292886
15.0,49.32062494503275
15.0,66.25173303318178
15.0,51.02079111753983
15.0,6.549213436373659
15.0,19.571496211256036
15.0,27.463143969470362
15.0,20.729932422493015
15.0,52.23478836553103
15.0,13.455315522670018
15.0,19.36174684956494
15.0,20.26915183609855
15.0,28.48053748619513
15.0,11.435863312573305
15.0,27.19347772258765
15.0,28.34871535824402
15.0,23.885493043033463
15.0,37.897565416116095
15.0,37.14213060974353
15.0,36.67104334590223
15.0,10.178742912825582
15.0,22.370638749443643
15.0,3.518726932901984
15.0,32.472932155254135
15.0,46.82880930439033
15.0,12.030642146479245
15.0,34.41113548388498
15.0,35.82249166134774
15.0,40.37409296514894
15.0,49.07752743664964
15.0,18.73705802319836
15.0,7.184409332730311
15.0,54.50141087073751
15.0,12.589875391193603
15.0,0
15.0,28.2919128534688
15.0,50.43898461554271
15.0,26.140961590099586
15.0,24.991150045481024
15.0,15.549136092981497
15.0,35.75299139366544
15.0,0
15.0,0
15.0,27.421762730873837
15.0,19.778810723484888
15.0,22.07395602549059
15.0,16.753590718945986
15.0,41.21248562192385
15.0,0
15.0,38.07847535313032
15.0,24.891904643600284
15.0,15.754756067139768
15.0,16.297390729974207
15.0,1.5806537717911127
15.0,5.496104655089656
15.0,9.911438763771079
15.0,35.19472864080115
15.0,24.35188944748726
15.0,24.40240560671767
15.0,18.42195681201364
15.0,23.624032154667987
15.0,43.38418107064795
15.0,21.518024845321122
15.0,6.790904643898742
15.0,21.44643098144045
15.0,19.259386510121246
15.0,0
15.0,1.3037802741416407
15.0,16.517537737674793
15.0,0
15.0,0
15.0,20.99296898160253
15.0,35.16803850817526
15.0,22.46648675665203
15.0,49.07246682607143
15.0,51.221182393686504
15.0,38.750223531418676
15.0,42.012554814100554
15.0,0
15.0,20.043705092408906
15.0,20.991530822379065
15.0,43.01446221035038
15.0,44.75573781593028
15.0,34.03588602682003
15.0,10.25842273372518
15.0,7.814357223143443
15.0,28.87288081430728
15.0,0
15.0,0
15.0,5.773142018538792
15.0,67.0227917250955
15.0,33.459421313951964
15.0,18.137047822295212
15.0,13.013071880174339
15.0,41.130191389527454
15.0,16.645609202305614
15.0,25.74325822272742
15.0,11.6304194599241
15.0,14.42028008219994
15.0,45.95565676603805
15.0,0
15.0,15.387602533200003
15.0,18.959187005041596
15.0,28.174791845129132
15.0,58.60077662410154
15.0,11.775448824105114
15.0,15.735488249492793
15.0,39.270411160591976
15.0,27.118482995888233
15.0,43.07956510671251
15.0,25.35895602175417
15.0,12.801023342839052
15.0,40.151719909513886
15.0,27.239884386048693
15.0,51.66172397453412
15.0,37.641760232926295
15.0,10.298313336627833
15.0,44.29846633824252
15.0,31.584774210842884
15.0,17.414478151186344
15.0,0.17502965901511303
15.0,34.772917609341306
15.0,17.0563661040807
15.0,38.58445999424642
15.0,26.345841748736696
15.0,28.489640579822833
15.0,64.41095454377165
15.0,29.080625397205136
15.0,38.87128567665085
15.0,30.931517374958887
15.0,0
15.0,41.77573207584162
15.0,27.621871074757124
15.0,6.788237350345948
15.0,27.89688155986861
15.0,29.569625794443184
15.0,0
15.0,33.49067971385155
15.0,25.37597715774052
15.0,19.126454951640703
15.0,38.224987525424204
15.0,37.3997252723794
15.0,39.2399723598714
15.0,24.951901830795777
15.0,0
15.0,31.195704076179418
15.0,5.691679916184398
15.0,8.208454280046293
15.0,36.59827321273509
15.0,19.24362030555028
15.0,26.166556545263532
15.0,13.686029812111164
15.0,26.22049138604501
15.0,29.12001584985592
15.0,41.68327185689458
15.0,32.98986243724194
15.0,36.73598468601185
15.0,20.303816129026664
15.0,24.312867403517483
15.0,27.53789044605077
15.0,30.565465666001025
15.0,10.851713095653627
15.0,13.58635568696607
15.0,29.20663428512674
15.0,24.274402638356538
15.0,10.282670385002756
15.0,44.544746904943906
15.0,25.894155809279297
15.0,26.867513628542696
15.0,26.703816636106843
15.0,5.04003039775635
15.0,19.78025335126623
15.0,20.699884831129364
15.0,35.11409123032651
15.0,18.64076611489694
15.0,11.155427724782438
15.0,29.670404938248232
15.0,17.729831664128916
15.0,24.7960720652645
15.0,43.60565177898213
15.0,40.497220394406526
15.0,23.207865575257497
15.0,13.367951214205126
15.0,42.42407919961427
15.0,43.65797303819536
15.0,25.416748987756947
15.0,6.818231079979842
15.0,34.55537779180537
15.0,35.25148098738626
15.0,34.36248380588542
15.0,4.701578493843069
15.0,38.408040355543626
15.0,37.56104021172244
15.0,19.401599808478604
15.0,42.68579365078122
15.0,36.86779475381911
15.0,28.284531424577832
15.0,15.830192837948378
15.0,27.9851037135775
15.0,29.72026859635737
15.0,43.68782419227945
15.0,32.580626825612654
15.0,18.253260414525087
15.0,34.00545542106795
15.0,36.818688997091506
15.0,32.15254281213055
15.0,14.355676026068945
15.0,26.417248429117894
15.0,0.4377652153676408
15.0,42.35075134257066
15.0,36.97496505497566
15.0,5.118232465417261
15.0,21.69929192009475
15.0,34.440988641472345
15.0,39.450652250563294
15.0,32.32699437953831
15.0,31.839427051951663
15.0,0.16377993598941032
15.0,0
15.0,17.255064681622674
15.0,0
15.0,10.924505605895378
15.0,12.879545305035842
15.0,43.15569075295814
15.0,19.056192744566296
15.0,14.105885327984964
15.0,1.3616207758918755
15.0,14.72246486787492
15.0,10.206762932348552
15.0,32.92884788488963
15.0,33.80446268767461
15.0,33.39036151476451
15.0,11.91450556634272
15.0,37.53401896217517
15.0,3.0298212067065435
15.0,28.710412939465193
15.0,21.70489625191754
15.0,40.229081913357405
15.0,41.13148601589723
15.0,0
15.0,12.495368679073325
15.0,40.20396130537631
15.0,36.35410817263842
15.0,53.52472568363102
15.0,26.338418260650094
15.0,55.99281374461985
15.0,11.065332800589696
15.0,49.98935429621571
15.0,21.116207601800483
15.0,38.560796490211644
15.0,38.002943809756815
15.0,31.64529186792932
15.0,48.54219517033064
15.0,33.93826293313066
15.0,27.962064875537294
15.0,31.634602123117276
15.0,21.75158051622286
15.0,55.39890433762338
15.0,24.921330294673446
15.0,29.197241769922464
15.0,33.644067160258295
15.0,18.380195026683243
15.0,30.576085459038545
15.0,0
15.0,1.4706317506101598
15.0,7.561855770953414
15.0,2.1482824080102674
15.0,29.18653396731146
15.0,7.696963618994747
15.0,27.062634473106232
15.0,36.496911728494595
15.0,32.67164348843138
15.0,24.31949893380495
15.0,27.796918821561786
15.0,6.175563356913408
15.0,30.47157270876932
15.0,27.04536854191325
15.0,21.06797991445593
15.0,25.044819710763335
15.0,26.266612140509825
15.0,22.371024701990542
15.0,26.297873202422394
15.0,34.73297641849313
15.0,32.20560325738476
15.0,0
15.0,21.951158550463802
15.0,0
15.0,0.19595428831226158
15.0,0
15.0,3.1714756813985083
15.0,33.264012650382654
15.0,18.034743008604778
15.0,12.83820755816981
15.0,38.26198058653028
15.0,40.67299373729489
15.0,32.79030247324778
15.0,24.528372570785294
15.0,16.405642887912165
15.0,43.82927747466147
15.0,15.606604210529893
15.0,42.591872185109345
15.0,17.7808602600172
15.0,42.29295653849029
15.0,22.496431618632283
15.0,19.122284227785848
15.0,9.146746662044533
15.0,1.7314124369405945
15.0,2.1164733215211164
15.0,18.918036058555444
15.0,4.310946399328003
15.0,29.511385378800234
15.0,32.40706660412649
15.0,38.106281469068676
15.0,43.02177384723551
15.0,7.976755465078401
15.0,19.999736163055093
15.0,18.447933798157166
15.0,6.323268427937801
15.0,27.865608850617008
15.0,18.59181908390806
15.0,4.230729258117787
15.0,0.29868281212840486
15.0,21.361323616277286
15.0,42.2356015855685
15.0,30.773328624645757
15.0,18.101022395117617
15.0,20.434788250015973
15.0,4.278255444266119
15.0,50.684266303321905
15.0,31.695739582515177
15.0,30.664482192903854
15.0,9.163957843228811
15.0,54.490607509766804
15.0,28.018040732182573
15.0,23.567225739122577
15.0,43.78250381400501
15.0,9.423529473939956
15.0,8.557289929371525
15.0,20.809643347569406
15.0,25.05535135927519
15.0,21.936301653593922
15.0,0.4699879286229276
15.0,20.35666478056069
15.0,36.99430099127794
15.0,18.54942122280887
15.0,37.051907293312
15.0,24.11527211611208
15.0,24.057723845926525
15.0,11.14713725431581
15.0,25.958182408378494
15.0,34.934391732806134
15.0,45.53982521414585
15.0,54.273877640712996
15.0,22.208951097682913
15.0,45.15944373126973
15.0,9.47831774266483
15.0,20.647472175039432
15.0,25.339309322511756
15.0,23.720683487951863
15.0,42.64114849670267
15.0,23.2388058952552
15.0,18.038851679316323
15.0,0
15.0,23.62608562725657
15.0,13.579354770644231
15.0,31.45324438812102
15.0,25.80543387739486
15.0,11.717097455951514
15.0,0
15.0,25.63229410862219
15.0,23.921980100230478
15.0,32.39355120207935
15.0,43.45938374521487
15.0,41.36192697934837
15.0,0
15.0,52.138636344064516
15.0,2.055348298186388
15.0,32.1510043207247
15.0,1.9508822967395076
15.0,8.151328631045793
15.0,24.939895383855276
15.0,0
15.0,32.844689169318336
15.0,34.81941575171551
15.0,19.694538812942
15.0,42.79974326732268
15.0,15.423513903106347
15.0,32.16814325133702
15.0,24.394403834100927
15.0,26.886395332028442
15.0,0
15.0,39.396479870929284
15.0,21.844469943651188
15.0,23.170025589741762
15.0,31.244253782822597
15.0,68.88789192125108
15.0,29.51398370398274
15.0,15.159422969707656
15.0,2.2767030146333482
15.0,28.324566775937683
15.0,15.047889171494937
15.0,13.615709206089917
15.0,48.11894288063983
15.0,19.677100901592834
15.0,24.25651971571034
15.0,26.428677702110683
15.0,32.33593838584895
15.0,5.977055040694118
15.0,25.21325608749477
15.0,31.651219114303753
15.0,35.514439359688545
15.0,36.37935941649906
15.0,18.474076951914054
15.0,13.115163992934288
15.0,17.643706326949335
15.0,30.858756188807057
15.0,29.513155408880763
15.0,25.47100777927316
15.0,29.00860660925338
15.0,25.226035107444158
15.0,17.390384464041098
15.0,35.61604877843598
15.0,23.588691396511503
15.0,50.460872318978744
15.0,5.096301217003351
15.0,38.66009182856209
15.0,24.879858274508983
15.0,14.49313233348718
15.0,17.84360648245537
15.0,45.68235298187987
15.0,52.9530037236588
15.0,43.28463213542487
15.0,27.43831845823447
15.0,55.579574879986154
15.0,30.281042770445158
15.0,14.148780605182104
15.0,20.66253109031375
15.0,45.965862859005064
15.0,9.401612826467575
15.0,10.378894482975245
15.0,30.258035778168487
15.0,36.74229489195445
15.0,23.97254537454673
15.0,25.58404688596511
15.0,0
15.0,1.4621840487364501
15.0,42.00655740625692
15.0,0
15.0,0
15.0,12.8145958985328
15.0,11.472028162393364
15.0,23.19519892224568
15.0,15.18006741715424
15.0,56.670111042927935
15.0,13.237800636613706
15.0,54.51587808323147
15.0,13.626748100809765
15.0,1.7441586645638836
15.0,28.080962300147913
15.0,50.6770246810106
15.0,42.23608778369051
15.0,27.75883611012333
15.0,0
15.0,0
15.0,27.120030132905306
15.0,12.49365669504006
15.0,20.40539831627202
15.0,11.613337729988462
15.0,26.990851556381187
15.0,30.735343422212917
15.0,13.313592301581313
15.0,18.666579753020056
15.0,34.76201432783344
15.0,7.412203332757013
15.0,26.40958606601445
15.0,40.72986976893921
15.0,0
15.0,27.728564250160417
15.0,24.135459235461582
15.0,0
15.0,43.61186279557798
15.0,41.59073094460534
15.0,10.270991318104487
15.0,32.64661533838505
15.0,49.86028000090728
15.0,10.95324419319303
15.0,36.7305518832437
15.0,24.757841133546314
15.0,32.89807375328149
15.0,9.404387983005481
15.0,20.65907728994062
15.0,36.653241125705534
15.0,0
15.0,29.573903592051543
15.0,4.791519263993436
15.0,25.679821961196193
15.0,10.047402883984178
15.0,32.080642085806275
15.0,43.59907607518025
15.0,5.2726724660766635
15.0,12.035507994038722
15.0,26.850606970549315
15.0,33.73257205233526
15.0,39.0606695924623
15.0,0
15.0,14.45929552786328
15.0,39.551889877238104
15.0,6.232087776875694
15.0,35.456541321875285
15.0,30.707147916690666
15.0,23.73730105444918
15.0,13.348613837306646
15.0,39.35780991242936
15.0,29.12920620194771
15.0,2.3622247070017437
15.0,9.196277433950488
15.0,11.23638129523645
15.0,54.630591012754415
15.0,31.48752282785302
15.0,17.861093823220124
15.0,22.44126658573849
15.0,33.88536397808122
15.0,61.92478436257739
15.0,10.366644990273167
15.0,33.85982853056064
15.0,36.71766990103342
15.0,23.748550175146654
15.0,22.60696373918467
15.0,40.06079793138543
15.0,28.894143160502722
15.0,40.53951499539468
15.0,23.85631884753571
15.0,19.715914552023172
15.0,5.2214220356282475
15.0,4.248974406118556
15.0,41.13141270163451
15.0,0
15.0,31.99955876009666
15.0,0.09354990953579545
15.0,34.057813837568986
15.0,24.191852979068585
15.0,37.6969727447345
15.0,32.300036517600596
15.0,36.78367377064518
15.0,15.322937926543593
15.0,36.51502308407327
15.0,41.5172062682567
15.0,21.85772570839173
15.0,7.7580726084722365
15.0,19.828260775602352
15.0,6.721102438181081
15.0,25.12424480189376
15.0,0
15.0,19.233761855503666
15.0,36.68282538293525
15.0,10.484151671883048
15.0,5.767214307776619
15.0,39.894418403776314
15.0,11.09175535254983
15.0,30.84434092166849
15.0,25.025914112095574
15.0,17.4772925904832
15.0,31.616919850627276
15.0,44.290166096202924
15.0,18.417997614689444
15.0,19.45464048386741
15.0,14.265090244061938
15.0,11.19063465515932
15.0,7.352413072313947
15.0,34.338939082498484
15.0,37.526948571606304
15.0,22.469713582567273
15.0,9.190613681718714
15.0,18.80000183773438
15.0,17.32298373057577
15.0,21.919011276921946
15.0,17.86714282144686
15.0,7.710465344052473
15.0,21.490919187857408
15.0,16.606786496411395
15.0,18.938654372722855
15.0,3.8079041765913004
15.0,17.140437925493888
15.0,9.815079986094176
15.0,61.078042007828635
15.0,31.602840520520832
15.0,26.676998635185402
15.0,19.182732602635937
15.0,59.76595980754526
15.0,14.001948904544692
15.0,10.74520318594638
15.0,35.38917332543775
15.0,11.01360292087529
15.0,17.39762382374215
15.0,15.292364898444548
15.0,33.44703624976155
15.0,19.941102678496414
15.0,16.727060021503277
15.0,32.03163269510509
15.0,31.983665449759695
15.0,11.965309586928061
15.0,0
15.0,38.00988674754841
15.0,21.644698111278085
15.0,15.127591409441626
15.0,54.53164316012733
15.0,20.6466395001013
15.0,1.2988211360565813
15.0,29.55946256543107
15.0,14.300701791784183
15.0,28.453263819271278
15.0,23.188969336560426
15.0,19.665378596775696
15.0,16.316061060873857
15.0,29.252457503613705
15.0,24.67894678929358
15.0,33.20181517735469
15.0,6.626655438117069
15.0,38.8996236961572
15.0,31.53121467115637
15.0,30.82538029563703
15.0,46.90213414014133
15.0,15.660125076789782
15.0,21.521287471853086
15.0,46.0484935142568
15.0,49.370516938911216
15.0,18.385856110587316
15.0,37.58943756556866
15.0,30.688940702605485
15.0,56.27359165050953
15.0,22.825218652526654
15.0,29.671762897896322
15.0,48.26641396060538
15.0,13.85570484054649
15.0,0
15.0,19.288325743011104
15.0,22.08233348310693
15.0,18.778058681991528
15.0,18.446259455399417
15.0,28.650699118332625
15.0,19.368421498856883
15.0,13.206122287454694
15.0,7.474239253480022
15.0,46.70997559201219
15.0,36.736716598561166
15.0,20.827871193421085
15.0,18.620555279276523
15.0,0
15.0,30.692239270422704
15.0,0
15.0,11.614944485473636
15.0,36.14300095951491
15.0,41.80975886686002
15.0,12.986437173487877
15.0,45.87184989102489
15.0,25.68106660458124
15.0,24.897089049959288
15.0,25.85200058470932
15.0,36.6507392719381
15.0,15.846389487566983
15.0,0
15.0,23.094940212096844
15.0,33.175383639231775
15.0,10.934821501090047
15.0,19.071276297693363
15.0,46.10315146831806
15.0,20.56122523207097
15.0,43.27889303740551
15.0,14.84895861390557
15.0,16.392045159033213
15.0,3.5868058426665037
15.0,29.32380777093821
15.0,7.848378830374902
15.0,25.963303527150448
15.0,0
15.0,24.06267455702968
15.0,8.317668175869464
15.0,21.501547187233104
15.0,51.87612347267387
15.0,12.604079227815204
15.0,0
15.0,19.09644778042565
15.0,7.238108228868853
15.0,11.489235995755907
15.0,0.4169434116536941
15.0,0
15.0,23.536874803027192
15.0,39.56275130917733
15.0,32.41838897340367
15.0,44.77007470407323
15.0,36.54890446523071
15.0,50.504971731302476
15.0,11.923333793423444
15.0,46.89555899166777
15.0,27.874248332190106
15.0,0
15.0,19.658301551461566
15.0,18.89029083308758
15.0,37.350591014658875
15.0,40.9285265525337
15.0,37.65979640847958
15.0,18.725753806041332
15.0,26.251236991722163
15.0,15.437948984331127
15.0,46.97841677553795
15.0,20.796200105056784
15.0,37.88163635869489
15.0,33.20430945179592
15.0,29.64574903896315
15.0,35.513998125736656
15.0,29.98399758412721
15.0,7.748429231443666
15.0,22.001839820460386
15.0,14.59911390112949
15.0,27.798913456664163
15.0,10.638244954978497
15.0,31.549277230907755
15.0,0
15.0,33.408416809394055
15.0,1.9747373317003678
15.0,33.83311584439247
15.0,9.225386935593818
15.0,0
15.0,35.6970812565528
15.0,20.809121366651052
15.0,0
15.0,7.515626503118902
15.0,53.85247846780731
15.0,37.70430479929481
